{"RL-212.jpg": [], "RL-204.jpg": [], "RL-143.jpg": [], "RL-233.jpg": [], "RL-271.jpg": [], "RL-223.jpg": [], "RL-201.jpg": [], "RL-081.jpg": [], "RL-034.jpg": [[279, 556, 300, 577, 0.8091764422811524]], "RL-066.jpg": [[211, 45, 232, 66, 0.8153614493467464]], "RL-122.jpg": [[150, 155, 171, 176, 0.8166123078950163]], "RL-113.jpg": [[357, 518, 378, 539, 0.8174516466859002]], "RL-083.jpg": [[228, 22, 249, 43, 0.8426816672647339], [253, 445, 274, 466, 0.8105707735850514]], "RL-334.jpg": [[217, 307, 238, 328, 0.8098934068754717], [247, 91, 268, 112, 0.8209799151862676], [286, 336, 307, 357, 0.8222770241240135]], "RL-321.jpg": [], "RL-021.jpg": [[192, 127, 213, 148, 0.8541181382260734], [201, 415, 222, 436, 0.8953815075064101], [314, 522, 335, 543, 0.801035931444455], [358, 382, 379, 403, 0.8503759294800369], [422, 130, 443, 151, 0.8183388419070224]], "RL-329.jpg": [[249, 32, 270, 53, 0.8035850900998153]], "RL-239.jpg": [[272, 186, 293, 207, 0.8929160441468134]], "RL-135.jpg": [[268, 405, 289, 426, 0.8405203365832049]], "RL-197.jpg": [[244, 90, 265, 111, 0.8468169015191164]], "RL-150.jpg": [], "RL-151.jpg": [], "RL-167.jpg": [[75, 604, 96, 625, 0.8702661096029134], [225, 467, 246, 488, 0.8352753428349127], [227, 448, 248, 469, 0.8487626895124393]], "RL-263.jpg": [], "RL-091.jpg": [[321, 575, 342, 596, 0.825027669518156]], "RL-030.jpg": [], "RL-022.jpg": [[223, 63, 244, 84, 0.8010909765116132], [235, 286, 256, 307, 0.8311439764378646], [275, 39, 296, 60, 0.8165633979133936], [422, 553, 443, 574, 0.8087123921051173]], "RL-063.jpg": [[348, 607, 369, 628, 0.804697957019612], [360, 19, 381, 40, 0.8436975683293181]], "RL-080.jpg": [], "RL-194.jpg": [[135, 568, 156, 589, 0.8097339778281786]], "RL-295.jpg": [[247, 308, 268, 329, 0.8032970078432712], [263, 37, 284, 58, 0.8276380402271153]], "RL-137.jpg": [[243, 400, 264, 421, 0.8310210017900915]], "RL-149.jpg": [[170, 592, 191, 613, 0.8016333525056872], [186, 546, 207, 567, 0.8197254694763529]], "RL-157.jpg": [], "RL-326.jpg": [], "RL-332.jpg": [[258, 522, 279, 543, 0.8005544526592191]], "RL-115.jpg": [[283, 490, 304, 511, 0.8130270232411988], [289, 471, 310, 492, 0.83348234728004], [319, 143, 340, 164, 0.8089759000480296], [355, 618, 376, 639, 0.8044664943065342]], "RL-056.jpg": [[228, 573, 249, 594, 0.8457092266511831]], "RL-140.jpg": [], "RL-180.jpg": [], "RL-266.jpg": [], "RL-161.jpg": [[34, 231, 55, 252, 0.8080464297102402]], "RL-049.jpg": [[210, 475, 231, 496, 0.8070288177608479], [252, 91, 273, 112, 0.8131488853838827]], "RL-158.jpg": [], "RL-072.jpg": [[104, 428, 125, 449, 0.8205981482583917]], "RL-132.jpg": [], "RL-126.jpg": [], "RL-092.jpg": [[213, 16, 234, 37, 0.8085960437416483]], "RL-196.jpg": [], "RL-119.jpg": [], "RL-324.jpg": [[202, 428, 223, 449, 0.807693951758159]]}