{"RL-212.jpg": [[178, 379, 189, 390, 0.8050624261563392], [253, 210, 264, 221, 0.8387261888182361]], "RL-204.jpg": [[175, 335, 186, 346, 0.8271632485725386], [231, 436, 242, 447, 0.8676338781673051], [240, 340, 251, 351, 0.8713643311058785], [281, 311, 292, 322, 0.8121382300100418]], "RL-143.jpg": [[262, 321, 273, 332, 0.8326713432628896], [300, 87, 311, 98, 0.8266537120106755]], "RL-233.jpg": [], "RL-271.jpg": [], "RL-223.jpg": [[211, 22, 222, 33, 0.8160584244040866]], "RL-201.jpg": [[272, 113, 283, 124, 0.8032034530163911]], "RL-081.jpg": [[155, 512, 166, 523, 0.8045357847692554]], "RL-034.jpg": [[292, 258, 303, 269, 0.8153523271164421], [294, 274, 305, 285, 0.8011875321351175], [300, 259, 311, 270, 0.8020348821033223], [306, 182, 317, 193, 0.803323991589569], [279, 556, 300, 577, 0.8091764422811524], [293, 216, 324, 247, 0.8090144806653153]], "RL-066.jpg": [[198, 0, 209, 11, 0.8621369365490711], [271, 610, 282, 621, 0.831712337043713], [211, 45, 232, 66, 0.8153614493467464], [223, 585, 254, 616, 0.8112090383690717], [250, 455, 281, 486, 0.8331346096296199], [442, 71, 473, 102, 0.8004400090610874]], "RL-122.jpg": [[128, 237, 139, 248, 0.8012637612988183], [191, 70, 202, 81, 0.804599081329887], [211, 471, 222, 482, 0.8568997608033618], [212, 433, 223, 444, 0.8517366867058934], [150, 155, 171, 176, 0.8166123078950163]], "RL-113.jpg": [[290, 381, 301, 392, 0.8316116801884125], [306, 159, 317, 170, 0.8827464176975042], [307, 400, 318, 411, 0.8452030526071178], [357, 518, 378, 539, 0.8174516466859002]], "RL-083.jpg": [[120, 605, 131, 616, 0.8124469360559327], [281, 42, 292, 53, 0.8464205596888522], [283, 113, 294, 124, 0.8506707998355907], [228, 22, 249, 43, 0.8426816672647339], [253, 445, 274, 466, 0.8105707735850514]], "RL-334.jpg": [[266, 552, 277, 563, 0.9203925086983668], [272, 286, 283, 297, 0.8471448242859904], [279, 267, 290, 278, 0.8836116582321759], [285, 86, 296, 97, 0.853586666107604], [290, 339, 301, 350, 0.8001974629519077], [297, 320, 308, 331, 0.8620687941310464], [310, 329, 321, 340, 0.8282125689624563], [321, 328, 332, 339, 0.8076378330390307], [217, 307, 238, 328, 0.8098934068754717], [247, 91, 268, 112, 0.8209799151862676], [286, 336, 307, 357, 0.8222770241240135]], "RL-321.jpg": [], "RL-021.jpg": [[2, 614, 13, 625, 0.8113285313041038], [84, 446, 95, 457, 0.8007097800770119], [130, 557, 141, 568, 0.81141276847198], [137, 611, 148, 622, 0.8035592990998307], [142, 426, 153, 437, 0.8092031248665217], [148, 483, 159, 494, 0.8267748123301811], [153, 595, 164, 606, 0.8201942055026832], [175, 450, 186, 461, 0.8096666028690619], [228, 287, 239, 298, 0.8409665811070868], [239, 370, 250, 381, 0.8283304099166556], [192, 127, 213, 148, 0.8541181382260734], [201, 415, 222, 436, 0.8953815075064101], [314, 522, 335, 543, 0.801035931444455], [358, 382, 379, 403, 0.8503759294800369], [422, 130, 443, 151, 0.8183388419070224], [137, 554, 168, 585, 0.8821473939247534], [188, 367, 219, 398, 0.8204222594485454]], "RL-329.jpg": [[241, 71, 252, 82, 0.8214915964217792], [255, 396, 266, 407, 0.8042315203324765], [295, 526, 306, 537, 0.8919532221277716], [296, 233, 307, 244, 0.8101211314595357], [249, 32, 270, 53, 0.8035850900998153], [248, 26, 279, 57, 0.8135916692484976]], "RL-239.jpg": [[216, 181, 227, 192, 0.8128967182937195], [248, 599, 259, 610, 0.8338669195566473], [262, 274, 273, 285, 0.8133011377752694], [265, 475, 276, 486, 0.817901103463214], [272, 186, 293, 207, 0.8929160441468134], [300, 261, 331, 292, 0.8525548370172397]], "RL-135.jpg": [[107, 57, 118, 68, 0.8194072960626856], [268, 405, 289, 426, 0.8405203365832049]], "RL-197.jpg": [[244, 90, 265, 111, 0.8468169015191164]], "RL-150.jpg": [[34, 581, 45, 592, 0.8051396996660992], [123, 537, 134, 548, 0.821884759085831]], "RL-151.jpg": [], "RL-167.jpg": [[5, 430, 16, 441, 0.8657651482602832], [15, 431, 26, 442, 0.8509731308258948], [55, 389, 66, 400, 0.8012612149066262], [62, 362, 73, 373, 0.8115802301384138], [196, 290, 207, 301, 0.8256006004659949], [224, 522, 235, 533, 0.8538840591842559], [232, 178, 243, 189, 0.8005197921667597], [454, 365, 465, 376, 0.8195859162303561], [75, 604, 96, 625, 0.8702661096029134], [225, 467, 246, 488, 0.8352753428349127], [227, 448, 248, 469, 0.8487626895124393], [72, 43, 103, 74, 0.805025341894159], [133, 43, 164, 74, 0.8107017654111982], [223, 464, 254, 495, 0.8201940800241495]], "RL-263.jpg": [], "RL-091.jpg": [[109, 37, 120, 48, 0.8318741564331038], [242, 426, 253, 437, 0.8144692245084312], [255, 12, 266, 23, 0.8417251649349486], [321, 575, 342, 596, 0.825027669518156], [403, 380, 434, 411, 0.803148171578127]], "RL-030.jpg": [[288, 70, 299, 81, 0.8666881496032759]], "RL-022.jpg": [[231, 307, 242, 318, 0.825249897300905], [231, 336, 242, 347, 0.8081103040986631], [240, 7, 251, 18, 0.8024786837862141], [247, 207, 258, 218, 0.8111964326095822], [267, 58, 278, 69, 0.814877660216053], [419, 470, 430, 481, 0.8027585987152385], [431, 293, 442, 304, 0.807888200923839], [223, 63, 244, 84, 0.8010909765116132], [235, 286, 256, 307, 0.8311439764378646], [275, 39, 296, 60, 0.8165633979133936], [422, 553, 443, 574, 0.8087123921051173]], "RL-063.jpg": [[285, 221, 296, 232, 0.8213519437697029], [338, 81, 349, 92, 0.8044398566018133], [356, 183, 367, 194, 0.8012874470649057], [358, 100, 369, 111, 0.8200678486376379], [348, 607, 369, 628, 0.804697957019612], [360, 19, 381, 40, 0.8436975683293181], [348, 602, 379, 633, 0.8223655568998419], [352, 17, 383, 48, 0.8023310857194618]], "RL-080.jpg": [], "RL-194.jpg": [[211, 576, 222, 587, 0.8285575638686916], [135, 568, 156, 589, 0.8097339778281786], [130, 562, 161, 593, 0.8121989874415624], [161, 585, 192, 616, 0.8074924537038752]], "RL-295.jpg": [[272, 257, 283, 268, 0.8340603753433776], [247, 308, 268, 329, 0.8032970078432712], [263, 37, 284, 58, 0.8276380402271153]], "RL-137.jpg": [[86, 48, 97, 59, 0.8162550450704132], [98, 60, 109, 71, 0.8117349444624177], [243, 400, 264, 421, 0.8310210017900915]], "RL-149.jpg": [[166, 237, 177, 248, 0.8009851529422173], [187, 225, 198, 236, 0.8034049907613303], [170, 592, 191, 613, 0.8016333525056872], [186, 546, 207, 567, 0.8197254694763529]], "RL-157.jpg": [[177, 438, 188, 449, 0.8016857838934589], [191, 439, 202, 450, 0.8082989150035723], [292, 337, 303, 348, 0.8279424706836961], [295, 391, 306, 402, 0.8113339971753274], [299, 110, 310, 121, 0.8002787322244546], [310, 357, 321, 368, 0.8404630542005068], [346, 431, 357, 442, 0.867640181679436], [375, 437, 386, 448, 0.8303921001740285]], "RL-326.jpg": [[141, 75, 152, 86, 0.8057647531890771], [154, 58, 165, 69, 0.817213610423476], [162, 72, 173, 83, 0.8342432255079979], [163, 24, 174, 35, 0.8008457833140858]], "RL-332.jpg": [[248, 424, 259, 435, 0.8015893837628174], [262, 623, 273, 634, 0.8080836621628681], [263, 613, 274, 624, 0.8441279371857225], [265, 541, 276, 552, 0.8104411799218297], [258, 522, 279, 543, 0.8005544526592191]], "RL-115.jpg": [[204, 132, 215, 143, 0.8046685555792527], [274, 604, 285, 615, 0.8505797853812375], [314, 411, 325, 422, 0.8074422628023131], [318, 162, 329, 173, 0.8184649325417678], [333, 277, 344, 288, 0.80643922660785], [333, 285, 344, 296, 0.8153314554553487], [283, 490, 304, 511, 0.8130270232411988], [289, 471, 310, 492, 0.83348234728004], [319, 143, 340, 164, 0.8089759000480296], [355, 618, 376, 639, 0.8044664943065342]], "RL-056.jpg": [[32, 473, 43, 484, 0.8181910194983608], [75, 566, 86, 577, 0.8018394933400583], [153, 536, 164, 547, 0.8210258929591765], [230, 575, 241, 586, 0.8001832879352829], [246, 367, 257, 378, 0.8096272950169968], [399, 236, 410, 247, 0.8203852052114904], [228, 573, 249, 594, 0.8457092266511831], [218, 537, 249, 568, 0.8260806355426299]], "RL-140.jpg": [[226, 212, 237, 223, 0.8109450578929477], [266, 369, 277, 380, 0.8292205938138785], [391, 265, 422, 296, 0.8167680519121553]], "RL-180.jpg": [], "RL-266.jpg": [], "RL-161.jpg": [[34, 231, 55, 252, 0.8080464297102402]],